Name,ProjectedFP,flag,IDfg,flag_value
Garrett Crochet,856.4725898325335,Low projected PA/IP (injury/role concern),—,205.1
Tarik Skubal,852.5010358921045,Low projected PA/IP (injury/role concern),—,195.1
Logan Webb,835.6619974152,Low projected PA/IP (injury/role concern),—,207.0
Paul Skenes,752.1560543743999,Low projected PA/IP (injury/role concern),—,187.2
Kevin Gausman,677.9646110293334,Age 35 — heightened decline risk,,35.2
Kevin Gausman,677.9646110293334,Low projected PA/IP (injury/role concern),—,193.0
Cristopher Sanchez,675.2877262515999,Low projected PA/IP (injury/role concern),—,202.0
Hunter Brown,654.60768603384,Low projected PA/IP (injury/role concern),—,185.1
Framber Valdez,651.9205972223999,Low projected PA/IP (injury/role concern),—,192.0
Freddy Peralta,637.0017459492886,Low projected PA/IP (injury/role concern),—,176.2
Max Fried,636.1436656771111,Low projected PA/IP (injury/role concern),—,195.1
Carlos Rodon,632.3717837201111,Low projected PA/IP (injury/role concern),—,195.1
Nick Pivetta,619.8585975850665,Low projected PA/IP (injury/role concern),—,181.2
Sonny Gray,604.6032369230489,Age 36 — heightened decline risk,,36.4
Sonny Gray,604.6032369230489,Low projected PA/IP (injury/role concern),—,180.2
Luis Castillo,604.4036976267911,Low projected PA/IP (injury/role concern),—,180.2
Bryan Woo,603.0089274453687,Low projected PA/IP (injury/role concern),—,186.2
Dylan Cease,602.6205764245333,Low projected PA/IP (injury/role concern),—,168.0
Zac Gallen,581.8650732586666,Low projected PA/IP (injury/role concern),—,192.0
Tanner Bibee,579.0008186388801,Low projected PA/IP (injury/role concern),—,182.1
Joe Ryan,577.6623880352,Low projected PA/IP (injury/role concern),—,171.0
Zack Wheeler,557.5465654465777,Low projected PA/IP (injury/role concern),—,149.2
Zack Wheeler,557.5465654465777,Age 36 — heightened decline risk,,35.8
Yoshinobu Yamamoto,549.9373117155554,Low projected PA/IP (injury/role concern),—,173.2
Marcus Semien,548.8067820288907,Age 36 — heightened decline risk,,35.5
Yusei Kikuchi,543.4730568060444,Low projected PA/IP (injury/role concern),—,178.1
Freddie Freeman,527.1677568491721,Age 37 — heightened decline risk,,36.6
Mitch Keller,515.1596716231332,Low projected PA/IP (injury/role concern),—,176.1
Jesus Luzardo,499.5319995742222,Low projected PA/IP (injury/role concern),—,183.2
Chris Bassitt,496.50407155439996,Age 37 — heightened decline risk,,37.1
Chris Bassitt,496.50407155439996,Low projected PA/IP (injury/role concern),—,170.1
George Springer,494.00742611429894,Age 36 — heightened decline risk,,36.5
Jack Flaherty,493.03224546138887,Low projected PA/IP (injury/role concern),—,161.0
Jose Berrios,489.19511827448895,Low projected PA/IP (injury/role concern),—,166.0
Logan Gilbert,476.6890854382221,Low projected PA/IP (injury/role concern),—,131.0
Sandy Alcantara,466.0550841439998,Low projected PA/IP (injury/role concern),—,174.2
Merrill Kelly,459.46941555555554,Age 38 — heightened decline risk,,37.5
Merrill Kelly,459.46941555555554,Low projected PA/IP (injury/role concern),—,184.0
MacKenzie Gore,458.63545168222225,Low projected PA/IP (injury/role concern),—,159.2
Michael Wacha,457.9403223533599,Low projected PA/IP (injury/role concern),—,172.2
Zack Littell,457.31414629444436,Low projected PA/IP (injury/role concern),—,186.2
Dean Kremer,452.82016569066656,Low projected PA/IP (injury/role concern),—,171.2
Jose Altuve,439.9475109596787,Age 36 — heightened decline risk,,35.9
Brady Singer,437.8075995887999,Low projected PA/IP (injury/role concern),—,169.2
Ryan Pepiot,429.35657177599995,Low projected PA/IP (injury/role concern),—,167.2
Robbie Ray,425.01710770066666,Low projected PA/IP (injury/role concern),—,182.1
Brandon Pfaadt,424.5364218214221,Low projected PA/IP (injury/role concern),—,176.2
Brayan Bello,417.80420513215984,Low projected PA/IP (injury/role concern),—,166.2
Ranger Suarez,411.42303015787553,Low projected PA/IP (injury/role concern),—,157.1
Shota Imanaga,404.979272653511,Low projected PA/IP (injury/role concern),—,144.2
Will Warren,403.5374279088888,Low projected PA/IP (injury/role concern),—,162.1
Seth Lugo,402.99843561208445,Age 36 — heightened decline risk,,36.4
Seth Lugo,402.99843561208445,Low projected PA/IP (injury/role concern),—,145.1
Andrew Abbott,401.1132705471466,Low projected PA/IP (injury/role concern),—,166.1
Jake Irvin,400.49968043599995,Low projected PA/IP (injury/role concern),—,180.0
Jacob deGrom,396.80013779466657,Low projected PA/IP (injury/role concern),—,172.2
Jacob deGrom,396.80013779466657,Age 38 — heightened decline risk,,37.8
David Peterson,394.11936342333325,Low projected PA/IP (injury/role concern),—,168.2
Bailey Ober,392.19974551575996,Low projected PA/IP (injury/role concern),—,146.1
George Kirby,392.09709418879993,Low projected PA/IP (injury/role concern),—,126.0
Spencer Strider,391.2663974075999,Low projected PA/IP (injury/role concern),—,125.1
Clay Holmes,387.5594615666666,Low projected PA/IP (injury/role concern),—,165.2
Gavin Williams,387.1467328079999,Low projected PA/IP (injury/role concern),—,167.2
Chris Sale,386.84315406,Age 37 — heightened decline risk,,37.0
Chris Sale,386.84315406,Low projected PA/IP (injury/role concern),—,125.2
Shane Baz,381.0053047386666,Low projected PA/IP (injury/role concern),—,166.1
Lucas Giolito,363.95749824,Low projected PA/IP (injury/role concern),—,145.0
Jose Soriano,363.6042264746667,Low projected PA/IP (injury/role concern),—,169.0
Shane Smith,363.373488191,Low projected PA/IP (injury/role concern),—,146.1
Colin Rea,362.2472657013777,Low projected PA/IP (injury/role concern),—,159.1
Colin Rea,362.2472657013777,Age 36 — heightened decline risk,,35.8
Ryne Nelson,358.41997395306663,Low projected PA/IP (injury/role concern),—,154.0
Luis Severino,356.359844206,Low projected PA/IP (injury/role concern),—,162.2
Matthew Boyd,354.8948720844799,Low projected PA/IP (injury/role concern),—,179.2
Matthew Boyd,354.8948720844799,Age 35 — heightened decline risk,,35.2
Nathan Eovaldi,352.4205901955555,Age 36 — heightened decline risk,,36.1
Nathan Eovaldi,352.4205901955555,Low projected PA/IP (injury/role concern),—,130.0
Nick Martinez,340.4601605377777,Low projected PA/IP (injury/role concern),—,165.2
Nick Martinez,340.4601605377777,Age 36 — heightened decline risk,,35.7
Nick Lodolo,327.3556075347555,Low projected PA/IP (injury/role concern),—,156.2
Noah Cameron,323.0650484703777,Low projected PA/IP (injury/role concern),—,138.1
Mitchell Parker,321.446768701511,Low projected PA/IP (injury/role concern),—,164.2
Casey Mize,317.9347886057778,Low projected PA/IP (injury/role concern),—,149.0
Charlie Morton,316.7819685333333,Age 42 — heightened decline risk,,42.4
Charlie Morton,316.7819685333333,Low projected PA/IP (injury/role concern),—,142.0
Edward Cabrera,315.8904004666665,Low projected PA/IP (injury/role concern),—,137.2
Taj Bradley,313.97713863999996,Low projected PA/IP (injury/role concern),—,142.2
Drew Rasmussen,313.4524532,Low projected PA/IP (injury/role concern),—,150.0
Tomoyuki Sugano,312.1850904666666,Low projected PA/IP (injury/role concern),—,157.0
Jeffrey Springs,307.01283,Low projected PA/IP (injury/role concern),—,171.0
Kodai Senga,306.86350057999994,Low projected PA/IP (injury/role concern),—,113.1
JP Sears,306.21051758844436,Low projected PA/IP (injury/role concern),—,135.2
Miles Mikolas,304.94255413458666,Age 38 — heightened decline risk,,37.6
Miles Mikolas,304.94255413458666,Low projected PA/IP (injury/role concern),—,156.1
Justin Verlander,298.6780331875555,Low projected PA/IP (injury/role concern),—,152.0
Justin Verlander,298.6780331875555,Age 43 — heightened decline risk,,43.1
Nolan Arenado,295.0093200345774,Age 35 — heightened decline risk,,35.0
Jameson Taillon,293.8125630570666,Low projected PA/IP (injury/role concern),—,129.2
Michael Lorenzen,293.69551809695105,Low projected PA/IP (injury/role concern),—,141.2
Patrick Corbin,292.15376066543325,Age 37 — heightened decline risk,,36.7
Patrick Corbin,292.15376066543325,Low projected PA/IP (injury/role concern),—,155.1
J.T. Realmuto,291.91962933274925,Age 35 — heightened decline risk,,35.0
Kyle Hendricks,289.29644043224886,Low projected PA/IP (injury/role concern),—,164.2
Kyle Hendricks,289.29644043224886,Age 36 — heightened decline risk,,36.3
Logan Allen,288.33211960373325,Low projected PA/IP (injury/role concern),—,156.2
Christian Walker,283.54683719119447,Age 35 — heightened decline risk,,35.0
Sean Burke,270.76838735099994,Low projected PA/IP (injury/role concern),—,134.1
Tyler Anderson,270.60341171055114,Age 36 — heightened decline risk,,36.3
Tyler Anderson,270.60341171055114,Low projected PA/IP (injury/role concern),—,136.1
Hunter Greene,268.20113565802666,Low projected PA/IP (injury/role concern),—,107.2
Erick Fedde,268.14638026666665,Low projected PA/IP (injury/role concern),—,141.0
Andre Pallante,262.5081061341888,Low projected PA/IP (injury/role concern),—,162.2
Eduardo Rodriguez,259.5546364287777,Low projected PA/IP (injury/role concern),—,154.1
Bryce Elder,255.39323939359997,Low projected PA/IP (injury/role concern),—,156.1
Matthew Liberatore,254.43829840128,Low projected PA/IP (injury/role concern),—,151.2
Chris Paddack,253.55146204444443,Low projected PA/IP (injury/role concern),—,158.0
Quinn Priester,250.09561416466659,Low projected PA/IP (injury/role concern),—,157.1
Spencer Schwellenbach,248.02087182400004,Low projected PA/IP (injury/role concern),—,110.2
Cade Horton,242.08039053333334,Low projected PA/IP (injury/role concern),—,118.0
Jose Quintana,241.42727472028437,Age 37 — heightened decline risk,,37.2
Jose Quintana,241.42727472028437,Low projected PA/IP (injury/role concern),—,131.2
Brad Lord,238.14852817839989,Low projected PA/IP (injury/role concern),—,130.2
Jack Leiter,235.37807999999993,Low projected PA/IP (injury/role concern),—,151.2
Max Muncy,234.14700260035346,Age 36 — heightened decline risk,,35.6
Andrew Heaney,230.86037909733335,Low projected PA/IP (injury/role concern),—,122.1
Chad Patrick,228.4114298104889,Low projected PA/IP (injury/role concern),—,119.2
Trevor Rogers,228.18499849600002,Low projected PA/IP (injury/role concern),—,109.2
Simeon Woods Richardson,227.27010528444438,Low projected PA/IP (injury/role concern),—,111.1
Marcell Ozuna,225.13887817234658,Age 35 — heightened decline risk,,35.4
Spencer Steer,224.6194168158206,Low projected PA/IP (injury/role concern),—,214.386
Kyle Freeland,224.48556108745555,Low projected PA/IP (injury/role concern),—,162.2
Aaron Nola,224.02024205605335,Low projected PA/IP (injury/role concern),—,94.1
Jordan Beck,219.09475196712498,Low projected PA/IP (injury/role concern),—,269.075
Tyler Freeman,217.28622681661892,Low projected PA/IP (injury/role concern),—,275.864
Davis Martin,216.225406656,Low projected PA/IP (injury/role concern),—,142.2
Tyler Glasnow,213.44045484666663,Low projected PA/IP (injury/role concern),—,90.1
Slade Cecconi,209.44119680000003,Low projected PA/IP (injury/role concern),—,132.0
Willi Castro,209.25133610146224,Low projected PA/IP (injury/role concern),—,270.113
Isaac Collins,206.6128795582525,Low projected PA/IP (injury/role concern),—,299.385
Pablo Lopez,200.1433356989156,Low projected PA/IP (injury/role concern),—,75.2
Kris Bubic,199.97761451399998,Low projected PA/IP (injury/role concern),—,116.1
Eury Perez,199.77895278333327,Low projected PA/IP (injury/role concern),—,95.1
Bryce Miller,198.18473878435555,Low projected PA/IP (injury/role concern),—,90.1
Dustin May,197.12953630666664,Low projected PA/IP (injury/role concern),—,132.1
Aaron Civale,195.94346834666663,Low projected PA/IP (injury/role concern),—,102.0
Bailey Falter,195.112069467,Low projected PA/IP (injury/role concern),—,125.1
Ryan McMahon,193.12273213319324,Low projected PA/IP (injury/role concern),—,299.742
Mickey Moniak,192.07845093851688,Low projected PA/IP (injury/role concern),—,197.779
Grant Holmes,187.00994927999997,Low projected PA/IP (injury/role concern),—,115.0
Mike Yastrzemski,185.64066409899436,Age 36 — heightened decline risk,,35.6
Janson Junk,185.31796995555553,Low projected PA/IP (injury/role concern),—,110.0
Mike Vasil,185.07633899999996,Low projected PA/IP (injury/role concern),—,101.0
Josh Lowe,178.3462414356821,Low projected PA/IP (injury/role concern),—,228.828
Adrian Houser,176.69835555555554,Low projected PA/IP (injury/role concern),—,125.0
Randy Vasquez,175.84715013631998,Low projected PA/IP (injury/role concern),—,133.2
Salvador Perez,174.08068284928328,Age 36 — heightened decline risk,,35.9
Salvador Perez,174.08068284928328,Low projected PA/IP (injury/role concern),—,281.133
Michael King,174.02885459786665,Low projected PA/IP (injury/role concern),—,73.1
Robert Suarez,173.4650237539556,Low projected PA/IP (injury/role concern),—,69.2
Robert Suarez,173.4650237539556,Age 35 — heightened decline risk,,35.1
Tyler O'Neill,173.32018173744223,Low projected PA/IP (injury/role concern),—,290.567
Alek Thomas,170.3412863428922,Low projected PA/IP (injury/role concern),—,217.541
Cade Smith,167.8000428384,Low projected PA/IP (injury/role concern),—,73.2
Romy Gonzalez,167.51339991131823,Low projected PA/IP (injury/role concern),—,251.579
Taijuan Walker,167.1300904846222,Low projected PA/IP (injury/role concern),—,123.2
Jacob Lopez,165.99352187111108,Low projected PA/IP (injury/role concern),—,92.2
Clayton Kershaw,165.16991919999998,Low projected PA/IP (injury/role concern),—,112.2
Clayton Kershaw,165.16991919999998,Age 38 — heightened decline risk,,38.0
Jordan Walker,164.21901649079604,Low projected PA/IP (injury/role concern),—,188.026
Zach McKinstry,163.92878725636086,Low projected PA/IP (injury/role concern),—,190.387
Edwin Diaz,163.0333937866666,Low projected PA/IP (injury/role concern),—,66.1
Blaze Alexander,162.7855512637081,Low projected PA/IP (injury/role concern),—,273.13
Wenceel Perez,159.879003093134,Low projected PA/IP (injury/role concern),—,272.679
Cade Povich,159.07395503066664,Low projected PA/IP (injury/role concern),—,112.1
Andrew Benintendi,158.98587297313048,Low projected PA/IP (injury/role concern),—,258.453
Jake McCarthy,157.97089763425288,Low projected PA/IP (injury/role concern),—,142.704
Walker Buehler,157.64482719999998,Low projected PA/IP (injury/role concern),—,126.0
Jhoan Duran,157.520748,Low projected PA/IP (injury/role concern),—,70.0
Eric Lauer,155.32245765688893,Low projected PA/IP (injury/role concern),—,104.2
Ronny Henriquez,155.05051104333333,Low projected PA/IP (injury/role concern),—,73.0
Mike Burrows,153.74075541333332,Low projected PA/IP (injury/role concern),—,96.0
Cal Quantrill,153.05402545377777,Low projected PA/IP (injury/role concern),—,117.2
Corbin Burnes,152.16014563418443,Low projected PA/IP (injury/role concern),—,64.1
Landen Roupp,151.63480420480002,Low projected PA/IP (injury/role concern),—,106.2
Tyler Stephenson,150.26776624821977,Low projected PA/IP (injury/role concern),—,255.694
Jasson Dominguez,149.64249102694106,Low projected PA/IP (injury/role concern),—,120.429
Cole Ragans,149.28686088876,Low projected PA/IP (injury/role concern),—,61.2
Ben Brown,149.18026351511108,Low projected PA/IP (injury/role concern),—,106.1
Luis L. Ortiz,149.04263109119998,Low projected PA/IP (injury/role concern),—,88.2
Michael A. Taylor,148.1622953438344,Age 35 — heightened decline risk,,35.0
Will Benson,147.1590341483493,Low projected PA/IP (injury/role concern),—,120.612
Raisel Iglesias,146.59631980993998,Age 36 — heightened decline risk,,36.2
Raisel Iglesias,146.59631980993998,Low projected PA/IP (injury/role concern),—,67.1
Edmundo Sosa,145.93541357668488,Low projected PA/IP (injury/role concern),—,166.115
Jonathan Cannon,145.76978259199998,Low projected PA/IP (injury/role concern),—,103.2
Andres Munoz,145.44152153856,Low projected PA/IP (injury/role concern),—,62.1
Sean Newcomb,144.95716011999997,Low projected PA/IP (injury/role concern),—,92.1
Carlos Estevez,142.36886669353333,Low projected PA/IP (injury/role concern),—,66.0
Jeff Hoffman,142.2264881208889,Low projected PA/IP (injury/role concern),—,68.0
Zach Eflin,141.31064043599997,Low projected PA/IP (injury/role concern),—,71.1
Ryan Gusto,141.18474519111112,Low projected PA/IP (injury/role concern),—,101.2
Ezequiel Duran,141.03082377675926,Low projected PA/IP (injury/role concern),—,213.482
Gavin Sheets,140.74815840901908,Low projected PA/IP (injury/role concern),—,220.974
Logan O'Hoppe,140.54910461600912,Low projected PA/IP (injury/role concern),—,236.558
Gabriel Arias,137.7043527758841,Low projected PA/IP (injury/role concern),—,297.073
Stephen Kolek,137.42580133333334,Low projected PA/IP (injury/role concern),—,112.2
Tyrone Taylor,137.38919300719436,Low projected PA/IP (injury/role concern),—,114.237
Jake Mangum,136.26786939079,Low projected PA/IP (injury/role concern),—,190.065
Devin Williams,135.5049128888889,Low projected PA/IP (injury/role concern),—,62.0
Griffin Canning,135.3203750271333,Low projected PA/IP (injury/role concern),—,76.1
Tyler Holton,135.01115687240002,Low projected PA/IP (injury/role concern),—,78.2
Joey Cantillo,134.69757214559996,Low projected PA/IP (injury/role concern),—,95.1
Jeremiah Estrada,134.5235252977778,Low projected PA/IP (injury/role concern),—,73.0
Bryan Abreu,132.6585440367,Low projected PA/IP (injury/role concern),—,71.0
Kody Clemens,132.61605392598057,Low projected PA/IP (injury/role concern),—,159.6
Lenyn Sosa,132.18003949577655,Low projected PA/IP (injury/role concern),—,230.492
Blake Snell,131.59479099000004,Low projected PA/IP (injury/role concern),—,61.1
Clarke Schmidt,131.26452702955558,Low projected PA/IP (injury/role concern),—,78.2
Edgar Quero,131.18473646157003,Low projected PA/IP (injury/role concern),—,240.356
Eduard Bazardo,130.61227280284447,Low projected PA/IP (injury/role concern),—,78.2
Mason Miller,128.60385025600002,Low projected PA/IP (injury/role concern),—,61.2
David Bednar,128.23862151222227,Low projected PA/IP (injury/role concern),—,62.2
Carlos Santana,128.1657499332387,Low projected PA/IP (injury/role concern),—,227.983
Carlos Santana,128.1657499332387,Age 40 — heightened decline risk,,40.0
Carmen Mlodzinski,128.09839806280004,Low projected PA/IP (injury/role concern),—,99.0
Cam Smith,127.79533147992969,Low projected PA/IP (injury/role concern),—,172.214
Dane Myers,126.95108135684481,Low projected PA/IP (injury/role concern),—,139.858
Rob Refsnyder,126.7751402887366,Age 35 — heightened decline risk,,35.0
Adrian Morejon,126.20445704533337,Low projected PA/IP (injury/role concern),—,73.2
Edwin Uceta,125.36287714133334,Low projected PA/IP (injury/role concern),—,76.0
Sean Manaea,125.18949654866665,Low projected PA/IP (injury/role concern),—,60.2
Josh Hader,124.8196465296,Low projected PA/IP (injury/role concern),—,52.2
Aroldis Chapman,124.70038946698668,Age 38 — heightened decline risk,,38.1
Aroldis Chapman,124.70038946698668,Low projected PA/IP (injury/role concern),—,61.1
Oswald Peraza,124.53107691806073,Low projected PA/IP (injury/role concern),—,95.9993
Mitch Spence,123.97932076444445,Low projected PA/IP (injury/role concern),—,84.2
Myles Straw,123.96449232035786,Low projected PA/IP (injury/role concern),—,60.7703
Tyler Alexander,123.838878456,Low projected PA/IP (injury/role concern),—,97.2
Tyler Mahle,123.60034848944444,Low projected PA/IP (injury/role concern),—,86.2
Michael McGreevy,122.0888267896889,Low projected PA/IP (injury/role concern),—,95.2
Ryan Mountcastle,121.91647292028978,Low projected PA/IP (injury/role concern),—,162.266
Camilo Doval,121.17600422199999,Low projected PA/IP (injury/role concern),—,65.1
Tommy Pham,120.4223813996486,Low projected PA/IP (injury/role concern),—,171.29
Tommy Pham,120.4223813996486,Age 38 — heightened decline risk,,38.1
Eli White,119.8837729140146,Low projected PA/IP (injury/role concern),—,46.9042
Keider Montero,118.07886831253334,Low projected PA/IP (injury/role concern),—,90.2
Dennis Santana,118.03030828044443,Low projected PA/IP (injury/role concern),—,70.1
Javier Baez,117.96300152324484,Low projected PA/IP (injury/role concern),—,186.813
Austin Hays,117.70145296700909,Low projected PA/IP (injury/role concern),—,143.394
Isiah Kiner-Falefa,117.40671944892482,Low projected PA/IP (injury/role concern),—,168.954
Nolan Jones,116.58260282862294,Low projected PA/IP (injury/role concern),—,173.336
Javier Sanoja,116.49739641070002,Low projected PA/IP (injury/role concern),—,183.96
Max Scherzer,116.44057419511111,Age 42 — heightened decline risk,,41.7
Max Scherzer,116.44057419511111,Low projected PA/IP (injury/role concern),—,85.0
Jack Dreyer,115.60132677555553,Low projected PA/IP (injury/role concern),—,76.1
Ryan Walker,115.10520877847333,Low projected PA/IP (injury/role concern),—,61.1
Will Vest,113.7514832784,Low projected PA/IP (injury/role concern),—,68.2
Joey Wentz,112.82926036666666,Low projected PA/IP (injury/role concern),—,98.0
Kenley Jansen,111.95421755555559,Age 38 — heightened decline risk,,38.5
Kenley Jansen,111.95421755555559,Low projected PA/IP (injury/role concern),—,59.0
Jose Iglesias,111.78202229663574,Low projected PA/IP (injury/role concern),—,181.402
Jose Iglesias,111.78202229663574,Age 36 — heightened decline risk,,36.2
Lake Bachar,111.77082873555554,Low projected PA/IP (injury/role concern),—,71.0
Edouard Julien,111.71414902678274,Low projected PA/IP (injury/role concern),—,253.973
Andrew McCutchen,111.23924027719673,Age 40 — heightened decline risk,,39.5
Andrew McCutchen,111.23924027719673,Low projected PA/IP (injury/role concern),—,141.491
Max Muncy,111.0796348732,Low projected PA/IP (injury/role concern),—,284.377
Reese Olson,109.98661214632668,Low projected PA/IP (injury/role concern),—,68.2
Michael Soroka,109.83699890800003,Low projected PA/IP (injury/role concern),—,89.2
Tanner Scott,109.76619833333334,Low projected PA/IP (injury/role concern),—,57.0
Kyle Higashioka,109.53296118645534,Age 36 — heightened decline risk,,35.9
Cole Sands,109.329598976,Low projected PA/IP (injury/role concern),—,72.0
Tyler Fitzgerald,108.61601672365073,Low projected PA/IP (injury/role concern),—,37.3125
Heriberto Hernandez,108.58426940516101,Low projected PA/IP (injury/role concern),—,174.718
Robert Hassell III,108.576098926078,Low projected PA/IP (injury/role concern),—,299.202
Emmet Sheehan,108.36558426666664,Low projected PA/IP (injury/role concern),—,73.1
Kyle Leahy,107.73621196799999,Low projected PA/IP (injury/role concern),—,88.0
Jason Adam,107.60310620695999,Low projected PA/IP (injury/role concern),—,65.1
Nathaniel Lowe,107.42621449003249,Low projected PA/IP (injury/role concern),—,143.305
Abner Uribe,107.35868066848886,Low projected PA/IP (injury/role concern),—,75.1
Ryan Helsley,107.24758109333335,Low projected PA/IP (injury/role concern),—,56.0
Emmanuel Clase,107.06987090000001,Low projected PA/IP (injury/role concern),—,47.1
Cameron Schlittler,107.06228666666667,Low projected PA/IP (injury/role concern),—,73.0
Griffin Jax,106.29446945333333,Low projected PA/IP (injury/role concern),—,66.0
Pete Fairbanks,106.2359709426667,Low projected PA/IP (injury/role concern),—,60.1
Garrett Whitlock,105.84218419199999,Low projected PA/IP (injury/role concern),—,72.0
Luke Weaver,105.57351337866669,Low projected PA/IP (injury/role concern),—,64.2
Alex Call,104.80739536466774,Low projected PA/IP (injury/role concern),—,136.0
Paul Goldschmidt,104.37252604998105,Age 39 — heightened decline risk,,38.6
Paul Goldschmidt,104.37252604998105,Low projected PA/IP (injury/role concern),—,144.398
Ryan Ritter,104.35791466898249,Low projected PA/IP (injury/role concern),—,230.123
Kyle Finnegan,104.27256480666665,Low projected PA/IP (injury/role concern),—,57.0
Yu Darvish,103.92544181760002,Low projected PA/IP (injury/role concern),—,72.0
Yu Darvish,103.92544181760002,Age 40 — heightened decline risk,,39.6
Tylor Megill,103.82418416754999,Low projected PA/IP (injury/role concern),—,68.1
Jimmy Herget,103.20183261483331,Low projected PA/IP (injury/role concern),—,83.1
Reid Detmers,102.69549974990223,Low projected PA/IP (injury/role concern),—,63.2
Colton Gordon,102.33504468,Low projected PA/IP (injury/role concern),—,86.0
Ben Casparius,102.32573159111112,Low projected PA/IP (injury/role concern),—,77.2
Emilio Pagan,101.49403998008002,Low projected PA/IP (injury/role concern),—,68.2
Luis Gil,101.21397786666668,Low projected PA/IP (injury/role concern),—,57.0
German Marquez,99.93471303219442,Low projected PA/IP (injury/role concern),—,126.1
Pavin Smith,99.73250163627495,Low projected PA/IP (injury/role concern),—,288.32
Aaron Ashby,99.05955086824444,Low projected PA/IP (injury/role concern),—,66.2
Yariel Rodriguez,98.96207766755556,Low projected PA/IP (injury/role concern),—,73.0
Nick Allen,98.78525680465812,Low projected PA/IP (injury/role concern),—,187.736
Mark Vientos,98.4078964118837,Low projected PA/IP (injury/role concern),—,202.118
Max Kepler,97.82808662652145,Low projected PA/IP (injury/role concern),—,118.148
Shawn Armstrong,97.58421548533333,Low projected PA/IP (injury/role concern),—,74.0
Shawn Armstrong,97.58421548533333,Age 36 — heightened decline risk,,35.6
Matt Strahm,97.42454823360002,Low projected PA/IP (injury/role concern),—,62.1
Keegan Akin,97.23938632333333,Low projected PA/IP (injury/role concern),—,63.1
Bryan King,96.85660512,Low projected PA/IP (injury/role concern),—,68.0
Tyler Kinley,96.77474929777779,Low projected PA/IP (injury/role concern),—,72.2
Tyler Kinley,96.77474929777779,Age 35 — heightened decline risk,,35.2
Casey Schmitt,96.47238025124628,Low projected PA/IP (injury/role concern),—,142.945
Logan Evans,96.40496520835553,Low projected PA/IP (injury/role concern),—,81.1
Brandon Woodruff,96.3077456872,Low projected PA/IP (injury/role concern),—,64.2
Ryan Bergert,96.1685153311111,Low projected PA/IP (injury/role concern),—,76.1
Curtis Mead,96.08820486542771,Low projected PA/IP (injury/role concern),—,233.614
Giancarlo Stanton,96.0039967301678,Low projected PA/IP (injury/role concern),—,245.702
Giancarlo Stanton,96.0039967301678,Age 36 — heightened decline risk,,36.4
J.T. Ginn,95.07280720888885,Low projected PA/IP (injury/role concern),—,90.1
Tyler Rogers,94.81148987099999,Low projected PA/IP (injury/role concern),—,77.1
Tyler Rogers,94.81148987099999,Age 35 — heightened decline risk,,35.3
Braxton Ashcraft,94.80461624906668,Low projected PA/IP (injury/role concern),—,69.2
Dylan Lee,94.42270512179998,Low projected PA/IP (injury/role concern),—,68.1
Michael Conforto,93.87891333661372,Low projected PA/IP (injury/role concern),—,165.106
Alex Verdugo,93.84716473494727,Low projected PA/IP (injury/role concern),—,182.319
Nick Castellanos,92.89352628127335,Low projected PA/IP (injury/role concern),—,47.1326
Carlos Vargas,92.6739369111111,Low projected PA/IP (injury/role concern),—,77.0
Trevor Williams,92.47134038384668,Low projected PA/IP (injury/role concern),—,82.2
Alex Vesia,91.08487925333334,Low projected PA/IP (injury/role concern),—,59.2
Masataka Yoshida,90.89937685069599,Low projected PA/IP (injury/role concern),—,177.024
Jacob Latz,90.8977784,Low projected PA/IP (injury/role concern),—,85.2
Garrett Cleavinger,90.61247222386667,Low projected PA/IP (injury/role concern),—,61.1
Rhys Hoskins,90.47627546607332,Low projected PA/IP (injury/role concern),—,221.715
Jake Bauers,89.83221198950088,Low projected PA/IP (injury/role concern),—,146.797
Emerson Hancock,89.58117376000003,Low projected PA/IP (injury/role concern),—,90.0
Spencer Bivens,89.40756729600001,Low projected PA/IP (injury/role concern),—,81.0
Hunter Gaddis,88.76329906666669,Low projected PA/IP (injury/role concern),—,66.2
Jacob Misiorowski,88.24464161333331,Low projected PA/IP (injury/role concern),—,66.0
Jared Koenig,87.85475981333332,Low projected PA/IP (injury/role concern),—,66.0
Otto Kemp,87.46630513879,Low projected PA/IP (injury/role concern),—,141.246
Gabe Speier,87.46514261333333,Low projected PA/IP (injury/role concern),—,62.0
Antonio Senzatela,87.45534777777777,Low projected PA/IP (injury/role concern),—,130.0
Calvin Faucher,87.41954314388889,Low projected PA/IP (injury/role concern),—,60.1
Brandon Eisert,87.19961799733333,Low projected PA/IP (injury/role concern),—,69.2
Randal Grichuk,87.03633940589214,Low projected PA/IP (injury/role concern),—,118.644
Justin Sterner,86.57758777777777,Low projected PA/IP (injury/role concern),—,65.0
Starling Marte,86.35536864372317,Age 38 — heightened decline risk,,37.5
Starling Marte,86.35536864372317,Low projected PA/IP (injury/role concern),—,175.294
Jason Alexander,86.18230161499997,Low projected PA/IP (injury/role concern),—,77.1
Tony Santillan,86.040131072,Low projected PA/IP (injury/role concern),—,73.2
Matt Svanson,85.4452756930889,Low projected PA/IP (injury/role concern),—,60.1
Phil Maton,85.2555795,Low projected PA/IP (injury/role concern),—,61.1
Chase Dollander,85.04008146666666,Low projected PA/IP (injury/role concern),—,98.0
Daniel Palencia,84.3595202576,Low projected PA/IP (injury/role concern),—,52.2
Bryan Baker,83.99285879111112,Low projected PA/IP (injury/role concern),—,68.2
Luis Urias,83.85755048820702,Low projected PA/IP (injury/role concern),—,218.794
Kristian Campbell,83.74814387100267,Low projected PA/IP (injury/role concern),—,120.374
Orion Kerkering,83.53572266666667,Low projected PA/IP (injury/role concern),—,60.0
Ben Williamson,83.349919386752,Low projected PA/IP (injury/role concern),—,118.027
Steven Matz,82.60871159200002,Low projected PA/IP (injury/role concern),—,76.2
Daniel Schneemann,82.59046405068881,Low projected PA/IP (injury/role concern),—,99.6318
Jonah Heim,82.43697228047294,Low projected PA/IP (injury/role concern),—,173.769
Brendon Little,82.31019225173331,Low projected PA/IP (injury/role concern),—,68.1
Jakob Junis,82.28347469800002,Low projected PA/IP (injury/role concern),—,66.2
Lucas Erceg,81.91744038376889,Low projected PA/IP (injury/role concern),—,61.1
Jose Butto,81.65066666666668,Low projected PA/IP (injury/role concern),—,67.0
Hayden Birdsong,80.92778069048889,Low projected PA/IP (injury/role concern),—,65.2
Eric Wagaman,80.77982232061751,Low projected PA/IP (injury/role concern),—,62.1525
Coby Mayo,80.30637570408051,Low projected PA/IP (injury/role concern),—,98.5989
Jose A. Ferrer,80.2675232775,Low projected PA/IP (injury/role concern),—,76.1
Seranthony Dominguez,80.07120710622222,Low projected PA/IP (injury/role concern),—,62.2
Abraham Toro,79.94720114685629,Low projected PA/IP (injury/role concern),—,31.6516
Greg Weissert,79.739510784,Low projected PA/IP (injury/role concern),—,67.0
Tanner Banks,79.62742543379554,Low projected PA/IP (injury/role concern),—,67.1
Steven Okert,79.62582536568003,Low projected PA/IP (injury/role concern),—,71.2
Dylan Carlson,79.28194803434829,Low projected PA/IP (injury/role concern),—,109.559
Jack Kochanowicz,79.27386909866667,Low projected PA/IP (injury/role concern),—,111.0
Miguel Rojas,78.97728087424615,Age 37 — heightened decline risk,,37.1
Miguel Rojas,78.97728087424615,Low projected PA/IP (injury/role concern),—,200.843
Ronel Blanco,77.99231872718002,Low projected PA/IP (injury/role concern),—,48.1
Ryan Yarbrough,77.84155235555558,Low projected PA/IP (injury/role concern),—,64.0
Zebby Matthews,77.38618902559998,Low projected PA/IP (injury/role concern),—,79.1
Valente Bellozo,77.36550597448885,Low projected PA/IP (injury/role concern),—,81.1
Tim Tawa,76.851793644828,Low projected PA/IP (injury/role concern),—,93.5426
Scott Barlow,76.74795792186666,Low projected PA/IP (injury/role concern),—,68.1
Alexander Canario,76.54800845340446,Low projected PA/IP (injury/role concern),—,14.7145
Dylan Moore,75.91680718388514,Low projected PA/IP (injury/role concern),—,47.5805
Jordan Hicks,75.74119764444444,Low projected PA/IP (injury/role concern),—,67.1
Tyler Phillips,75.71159566577778,Low projected PA/IP (injury/role concern),—,77.2
Bowden Francis,75.61985411413336,Low projected PA/IP (injury/role concern),—,64.0
Brant Hurter,75.25546515199999,Low projected PA/IP (injury/role concern),—,63.0
Robert Garcia,75.18187303822224,Low projected PA/IP (injury/role concern),—,64.0
Jackson Rutledge,75.17877633605553,Low projected PA/IP (injury/role concern),—,73.1
Louie Varland,75.12020424844445,Low projected PA/IP (injury/role concern),—,72.2
JoJo Romero,74.50093028871112,Low projected PA/IP (injury/role concern),—,61.0
Osvaldo Bido,74.31553140000001,Low projected PA/IP (injury/role concern),—,79.2
Trey Sweeney,73.96097796705467,Low projected PA/IP (injury/role concern),—,77.2283
Martin Perez,73.11748509333333,Low projected PA/IP (injury/role concern),—,56.0
Martin Perez,73.11748509333333,Age 35 — heightened decline risk,,35.0
Trevor Megill,72.64391552643335,Low projected PA/IP (injury/role concern),—,47.0
Graham Ashcraft,72.46940032182664,Low projected PA/IP (injury/role concern),—,65.1
Yuki Matsui,72.37581711360002,Low projected PA/IP (injury/role concern),—,63.1
Hoby Milner,72.03295353857776,Age 35 — heightened decline risk,,35.2
Hoby Milner,72.03295353857776,Low projected PA/IP (injury/role concern),—,70.1
Jordan Leasure,72.00178220666665,Low projected PA/IP (injury/role concern),—,64.1
Jacob Webb,71.42574582,Low projected PA/IP (injury/role concern),—,66.0
Reed Garrett,71.33909771333335,Low projected PA/IP (injury/role concern),—,55.1
Ryan Zeferjahn,71.25230735999999,Low projected PA/IP (injury/role concern),—,57.0
Enyel De Los Santos,71.20830801333334,Low projected PA/IP (injury/role concern),—,66.0
Hogan Harris,71.16231373533334,Low projected PA/IP (injury/role concern),—,64.2
Anthony Banda,70.52385022222222,Low projected PA/IP (injury/role concern),—,65.0
Felix Bautista,70.40942966400002,Low projected PA/IP (injury/role concern),—,34.2
Pierce Johnson,70.12385181670001,Low projected PA/IP (injury/role concern),—,59.0
Matt Brash,70.09459420426667,Low projected PA/IP (injury/role concern),—,47.1
Wandy Peralta,69.99296129187556,Low projected PA/IP (injury/role concern),—,71.2
Caleb Ferguson,69.21856162666666,Low projected PA/IP (injury/role concern),—,65.1
Brad Keller,69.10808694533334,Low projected PA/IP (injury/role concern),—,69.2
Andrew Kittredge,68.46318577777778,Low projected PA/IP (injury/role concern),—,53.0
Andrew Kittredge,68.46318577777778,Age 36 — heightened decline risk,,36.0
Tobias Myers,68.39876075626667,Low projected PA/IP (injury/role concern),—,50.2
Kolby Allard,68.28171436666666,Low projected PA/IP (injury/role concern),—,65.0
Ian Seymour,67.99250776,Low projected PA/IP (injury/role concern),—,57.0
Enrique Hernandez,67.83565566248905,Low projected PA/IP (injury/role concern),—,90.8282
Yennier Cano,66.80465179733335,Low projected PA/IP (injury/role concern),—,58.0
Kameron Misner,66.28413730364326,Low projected PA/IP (injury/role concern),—,53.8246
Braydon Fisher,66.12347733333333,Low projected PA/IP (injury/role concern),—,50.0
Justin Topa,66.04783466666666,Age 35 — heightened decline risk,,35.1
Justin Topa,66.04783466666666,Low projected PA/IP (injury/role concern),—,60.0
Huascar Brazoban,65.65708695000001,Age 36 — heightened decline risk,,36.5
Huascar Brazoban,65.65708695000001,Low projected PA/IP (injury/role concern),—,63.0
John Schreiber,65.6414894648889,Low projected PA/IP (injury/role concern),—,64.0
Santiago Espinal,65.15952844397509,Low projected PA/IP (injury/role concern),—,65.8667
Hurston Waldrep,64.7702346918,Low projected PA/IP (injury/role concern),—,56.1
Orlando Arcia,64.28854377063895,Low projected PA/IP (injury/role concern),—,180.841
Bennett Sousa,63.48784763200001,Low projected PA/IP (injury/role concern),—,50.2
Randy Rodriguez,63.26994777173334,Low projected PA/IP (injury/role concern),—,50.2
Grant Anderson,63.09059342222222,Low projected PA/IP (injury/role concern),—,69.2
Justin Wrobleski,62.730213795555564,Low projected PA/IP (injury/role concern),—,66.2
Johan Oviedo,62.242966576911115,Low projected PA/IP (injury/role concern),—,40.1
Daniel Lynch IV,62.22487791146669,Low projected PA/IP (injury/role concern),—,67.2
Yoendrys Gomez,62.08338882222222,Low projected PA/IP (injury/role concern),—,62.2
Gregory Soto,61.86603896744444,Low projected PA/IP (injury/role concern),—,60.1
Drew Waters,61.63522650793682,Low projected PA/IP (injury/role concern),—,32.8664
Kirby Yates,61.539054203333336,Age 39 — heightened decline risk,,39.0
Kirby Yates,61.539054203333336,Low projected PA/IP (injury/role concern),—,41.1
Max Meyer,61.452455597866674,Low projected PA/IP (injury/role concern),—,64.2
Fernando Cruz,61.0011136,Low projected PA/IP (injury/role concern),—,48.0
Fernando Cruz,61.0011136,Age 36 — heightened decline risk,,36.0
Tommy Kahnle,60.22878691199999,Low projected PA/IP (injury/role concern),—,63.0
Tommy Kahnle,60.22878691199999,Age 37 — heightened decline risk,,36.6
Nolan McLean,60.1108816,Low projected PA/IP (injury/role concern),—,48.0
Juan Mejia,60.0849506558889,Low projected PA/IP (injury/role concern),—,61.1
Matt Festa,59.84772307053334,Low projected PA/IP (injury/role concern),—,54.2
Tyler Ferguson,59.78817351111112,Low projected PA/IP (injury/role concern),—,58.0
Tristan Beck,59.5702896216889,Low projected PA/IP (injury/role concern),—,56.2
Brenan Hanifee,58.986699200000004,Low projected PA/IP (injury/role concern),—,60.0
Angel Zerpa,58.9370017,Low projected PA/IP (injury/role concern),—,64.2
Ryne Stanek,58.76925145466668,Low projected PA/IP (injury/role concern),—,56.0
Mason Fluharty,58.59790984320001,Low projected PA/IP (injury/role concern),—,52.2
Cade Gibson,58.55923272159999,Low projected PA/IP (injury/role concern),—,54.2
Tanner Houck,57.79338799104,Low projected PA/IP (injury/role concern),—,43.2
Ben Lively,57.668670816640024,Low projected PA/IP (injury/role concern),—,44.2
Brent Suter,56.864767094613335,Low projected PA/IP (injury/role concern),—,67.2
Brent Suter,56.864767094613335,Age 37 — heightened decline risk,,36.6
Brock Burke,56.755610271360005,Low projected PA/IP (injury/role concern),—,61.2
Jalen Beeks,56.411980067647775,Low projected PA/IP (injury/role concern),—,57.1
Anthony Bender,55.85438044444444,Low projected PA/IP (injury/role concern),—,50.0
Hunter Dobbins,55.70496576,Low projected PA/IP (injury/role concern),—,61.0
Riley O'Brien,55.69301061333332,Low projected PA/IP (injury/role concern),—,48.0
Brandon Walter,55.2950283424,Low projected PA/IP (injury/role concern),—,53.2
Kumar Rocker,54.90092787788886,Low projected PA/IP (injury/role concern),—,64.1
Jordan Romano,54.58166166631111,Low projected PA/IP (injury/role concern),—,42.2
Nick Mears,54.383529826666674,Low projected PA/IP (injury/role concern),—,56.2
Mike Tauchman,54.25949747030554,Low projected PA/IP (injury/role concern),—,146.362
Mike Tauchman,54.25949747030554,Age 35 — heightened decline risk,,35.3
Victor Vodnik,53.67402406666667,Low projected PA/IP (injury/role concern),—,50.2
Drew Pomeranz,52.74069015786668,Age 37 — heightened decline risk,,37.4
Drew Pomeranz,52.74069015786668,Low projected PA/IP (injury/role concern),—,49.2
Caleb Thielbar,52.72019789617777,Low projected PA/IP (injury/role concern),—,58.0
Caleb Thielbar,52.72019789617777,Age 39 — heightened decline risk,,39.2
Tyler Gilbert,52.690094099999996,Low projected PA/IP (injury/role concern),—,51.0
Taylor Clarke,52.44652812935556,Low projected PA/IP (injury/role concern),—,55.1
Shane Bieber,52.29752404124446,Low projected PA/IP (injury/role concern),—,40.1
Shelby Miller,52.18103022222221,Age 36 — heightened decline risk,,35.5
Shelby Miller,52.18103022222221,Low projected PA/IP (injury/role concern),—,46.0
Aaron Bummer,51.84076181900001,Low projected PA/IP (injury/role concern),—,54.1
Mark Leiter Jr.,51.618242807444446,Age 35 — heightened decline risk,,35.1
Mark Leiter Jr.,51.618242807444446,Low projected PA/IP (injury/role concern),—,48.1
David Festa,51.12895632,Low projected PA/IP (injury/role concern),—,53.1
Tim Hill,50.74750157666668,Age 36 — heightened decline risk,,36.1
Tim Hill,50.74750157666668,Low projected PA/IP (injury/role concern),—,67.0
Taylor Rogers,49.625815300444465,Low projected PA/IP (injury/role concern),—,50.2
Taylor Rogers,49.625815300444465,Age 35 — heightened decline risk,,35.3
Travis d'Arnaud,49.1439077496083,Age 37 — heightened decline risk,,37.1
Travis d'Arnaud,49.1439077496083,Low projected PA/IP (injury/role concern),—,106.67
Cole Henry,49.047804098400015,Low projected PA/IP (injury/role concern),—,52.2
Austin Gomber,48.85908722933335,Low projected PA/IP (injury/role concern),—,57.2
Isaac Mattson,47.99050600382223,Low projected PA/IP (injury/role concern),—,47.2
Luis Garcia,47.91711306311111,Age 39 — heightened decline risk,,39.2
Luis Garcia,47.91711306311111,Low projected PA/IP (injury/role concern),—,55.1
Javier Assad,47.776716233711106,Low projected PA/IP (injury/role concern),—,37.0
Nacho Alvarez Jr.,46.93562536995768,Low projected PA/IP (injury/role concern),—,32.1742
David Morgan,46.891489514133326,Low projected PA/IP (injury/role concern),—,47.1
Marcus Stroman,46.81898259999999,Low projected PA/IP (injury/role concern),—,39.0
Luis Morales,46.20811679111112,Low projected PA/IP (injury/role concern),—,48.2
Frankie Montas,45.82344666666666,Low projected PA/IP (injury/role concern),—,38.2
Nestor Cortes,45.80128807222222,Low projected PA/IP (injury/role concern),—,34.1
Jorge Alcala,45.788238222222226,Low projected PA/IP (injury/role concern),—,55.0
Mitch Garver,45.73231862572723,Low projected PA/IP (injury/role concern),—,92.6367
Mitch Garver,45.73231862572723,Age 35 — heightened decline risk,,35.2
Casey Legumina,45.56422618453334,Low projected PA/IP (injury/role concern),—,49.2
Jake Bird,45.434261942333336,Low projected PA/IP (injury/role concern),—,55.1
Michael Toglia,45.36543983678012,Low projected PA/IP (injury/role concern),—,1.0
Christian Vazquez,44.31810715062534,Low projected PA/IP (injury/role concern),—,215.058
Christian Vazquez,44.31810715062534,Age 36 — heightened decline risk,,35.6
Steven Wilson,44.28675386053333,Low projected PA/IP (injury/role concern),—,55.1
Rafael Montero,44.235987305555554,Low projected PA/IP (injury/role concern),—,60.1
Rafael Montero,44.235987305555554,Age 36 — heightened decline risk,,35.5
Spencer Arrighetti,44.2211789448,Low projected PA/IP (injury/role concern),—,35.1
Chris Flexen,43.99111585344,Low projected PA/IP (injury/role concern),—,43.2
Brennan Bernardino,43.798467269973344,Low projected PA/IP (injury/role concern),—,51.2
Luke Jackson,43.391464246666665,Low projected PA/IP (injury/role concern),—,51.0
Tim Herrin,43.367547400000014,Low projected PA/IP (injury/role concern),—,42.2
Bryse Wilson,43.08553119500001,Low projected PA/IP (injury/role concern),—,47.1
Kyle Bradish,42.98553672,Low projected PA/IP (injury/role concern),—,32.0
Jose Urena,42.965414800000005,Low projected PA/IP (injury/role concern),—,55.0
Troy Melton,42.03820369084445,Low projected PA/IP (injury/role concern),—,45.2
Dietrich Enns,41.77443264611111,Low projected PA/IP (injury/role concern),—,46.1
Danny Coulombe,41.72204764444445,Age 36 — heightened decline risk,,36.4
Danny Coulombe,41.72204764444445,Low projected PA/IP (injury/role concern),—,43.0
Paul DeJong,41.702813664994714,Low projected PA/IP (injury/role concern),—,61.107
Joe Boyle,41.195748394666666,Low projected PA/IP (injury/role concern),—,52.0
Josh Rojas,41.1420268026142,Low projected PA/IP (injury/role concern),—,59.4598
Brandon Young,41.125735317333344,Low projected PA/IP (injury/role concern),—,57.2
Lance McCullers Jr.,40.899617393250004,Low projected PA/IP (injury/role concern),—,55.1
Connor Brogdon,40.49725379555556,Low projected PA/IP (injury/role concern),—,47.0
Mason Montgomery,40.493419733333326,Low projected PA/IP (injury/role concern),—,46.0
Ty France,40.365794216697175,Low projected PA/IP (injury/role concern),—,70.6099
Jackson Jobe,40.276607746666656,Low projected PA/IP (injury/role concern),—,49.0
Steven Cruz,39.964330460622236,Low projected PA/IP (injury/role concern),—,45.2
Chad Green,39.78524359680001,Low projected PA/IP (injury/role concern),—,43.2
Joe Ross,39.67088085333333,Low projected PA/IP (injury/role concern),—,51.0
Anthony Santander,39.666734994716364,Low projected PA/IP (injury/role concern),—,47.5295
Ryan Pressly,39.55994704298,Low projected PA/IP (injury/role concern),—,41.1
Ryan Pressly,39.55994704298,Age 37 — heightened decline risk,,37.3
Cade Cavalli,39.35870450524445,Low projected PA/IP (injury/role concern),—,48.2
Jonathan Bowlan,38.98567792735,Low projected PA/IP (injury/role concern),—,44.1
Landon Knack,38.72058996444444,Low projected PA/IP (injury/role concern),—,42.1
Chase Shugart,38.4951067,Low projected PA/IP (injury/role concern),—,45.0
Chase Burns,38.32633583173333,Low projected PA/IP (injury/role concern),—,43.1
Kaleb Ort,38.27991705999999,Low projected PA/IP (injury/role concern),—,46.0
LaMonte Wade Jr.,37.937107061157356,Low projected PA/IP (injury/role concern),—,50.3571
Tanner Gordon,37.62267510444444,Low projected PA/IP (injury/role concern),—,75.1
Justin Wilson,37.574870361600006,Age 39 — heightened decline risk,,38.6
Justin Wilson,37.574870361600006,Low projected PA/IP (injury/role concern),—,48.1
Kevin Kelly,37.563427638613334,Low projected PA/IP (injury/role concern),—,39.2
Elvis Alvarado,37.36957757555555,Low projected PA/IP (injury/role concern),—,42.1
AJ Smith-Shawver,37.325592126900005,Low projected PA/IP (injury/role concern),—,44.1
Kyle Harrison,37.18538958933333,Low projected PA/IP (injury/role concern),—,35.2
Grant Taylor,37.14512721733334,Low projected PA/IP (injury/role concern),—,36.2
Ryan Weathers,36.870066616166675,Low projected PA/IP (injury/role concern),—,38.1
Lou Trivino,36.51667595555557,Low projected PA/IP (injury/role concern),—,47.2
Eric Orze,35.9948615456,Low projected PA/IP (injury/role concern),—,41.2
Trent Thornton,35.96304651333333,Low projected PA/IP (injury/role concern),—,42.1
Chris Martin,35.189566976444446,Low projected PA/IP (injury/role concern),—,42.1
Chris Martin,35.189566976444446,Age 40 — heightened decline risk,,39.8
Riley Adams,34.11410599629984,Low projected PA/IP (injury/role concern),—,1.0
Tony Gonsolin,33.98568,Low projected PA/IP (injury/role concern),—,36.0
Kyle Farmer,33.91248815670633,Age 36 — heightened decline risk,,35.6
Kyle Farmer,33.91248815670633,Low projected PA/IP (injury/role concern),—,33.1715
Cole Winn,33.70634862044445,Low projected PA/IP (injury/role concern),—,41.2
Cristian Javier,33.377653232,Low projected PA/IP (injury/role concern),—,37.0
Parker Messick,33.13369055360001,Low projected PA/IP (injury/role concern),—,39.2
Jackson Perkins,32.54212839111112,Low projected PA/IP (injury/role concern),—,38.2
Richard Fitts,32.4691968,Low projected PA/IP (injury/role concern),—,45.0
Kyle Hart,32.05665250666667,Low projected PA/IP (injury/role concern),—,43.0
Ryan Thompson,32.04733096151333,Low projected PA/IP (injury/role concern),—,41.1
Brock Stewart,31.81877406666668,Low projected PA/IP (injury/role concern),—,37.2
Anthony DeSclafani,31.787062097777785,Age 36 — heightened decline risk,,36.0
Anthony DeSclafani,31.787062097777785,Low projected PA/IP (injury/role concern),—,38.2
Paul Blackburn,31.480185143333337,Low projected PA/IP (injury/role concern),—,39.0
Mason Englert,31.44705579946668,Low projected PA/IP (injury/role concern),—,44.2
Adam Frazier,31.143259016966507,Low projected PA/IP (injury/role concern),—,1.0
Chase Lee,30.90320890548889,Low projected PA/IP (injury/role concern),—,37.1
Ian Hamilton,30.716915911111116,Low projected PA/IP (injury/role concern),—,40.0
Gordon Graceffo,30.625658564444446,Low projected PA/IP (injury/role concern),—,43.0
Carlos Carrasco,30.17750679111111,Age 39 — heightened decline risk,,39.0
Carlos Carrasco,30.17750679111111,Low projected PA/IP (injury/role concern),—,45.2
Scott Blewett,30.0771653,Low projected PA/IP (injury/role concern),—,44.1
Seth Halvorsen,29.313120430222224,Low projected PA/IP (injury/role concern),—,39.2
Genesis Cabrera,28.444706033333343,Low projected PA/IP (injury/role concern),—,42.2
Justin Slaten,28.297146453333333,Low projected PA/IP (injury/role concern),—,34.0
John King,28.206460300272227,Low projected PA/IP (injury/role concern),—,48.1
Erik Miller,28.200269679999995,Low projected PA/IP (injury/role concern),—,30.0
Max Kranick,27.929741991666663,Low projected PA/IP (injury/role concern),—,37.0
Andrew Chafin,27.887369937777787,Age 36 — heightened decline risk,,35.8
Andrew Chafin,27.887369937777787,Low projected PA/IP (injury/role concern),—,33.2
Hayden Wesneski,27.817502204799997,Low projected PA/IP (injury/role concern),—,32.0
A.J. Blubaugh,27.487912320000003,Low projected PA/IP (injury/role concern),—,32.0
Porter Hodge,27.451140639999995,Low projected PA/IP (injury/role concern),—,33.0
Daysbel Hernandez,27.063912699999996,Low projected PA/IP (injury/role concern),—,37.0
Jose Fermin,26.210235835911117,Low projected PA/IP (injury/role concern),—,34.1
Mick Abel,25.872088666666667,Low projected PA/IP (injury/role concern),—,39.0
Kyle Nicolas,25.805744790222228,Low projected PA/IP (injury/role concern),—,38.0
Caleb Boushley,25.620108812083334,Low projected PA/IP (injury/role concern),—,43.1
Kody Funderburk,25.534871139555555,Low projected PA/IP (injury/role concern),—,41.0
Zack Kelly,25.393513017600004,Low projected PA/IP (injury/role concern),—,35.1
John Curtiss,25.168876365555562,Low projected PA/IP (injury/role concern),—,36.2
Bubba Chandler,25.161757063933333,Low projected PA/IP (injury/role concern),—,31.1
Max Lazar,25.092942486266665,Low projected PA/IP (injury/role concern),—,41.1
Ryan Feltner,25.024049443555555,Low projected PA/IP (injury/role concern),—,30.1
Rico Garcia,24.98683448555556,Low projected PA/IP (injury/role concern),—,34.1
Carlos Hernandez,24.640343270000002,Low projected PA/IP (injury/role concern),—,43.1
Tommy Nance,24.584926634666672,Low projected PA/IP (injury/role concern),—,31.2
Tommy Nance,24.584926634666672,Age 35 — heightened decline risk,,35.0
Joey Lucchesi,24.19180273813334,Low projected PA/IP (injury/role concern),—,38.1
Michael Kelly,24.177695857777785,Low projected PA/IP (injury/role concern),—,39.2
Nic Enright,24.059264506666672,Low projected PA/IP (injury/role concern),—,31.0
Sam Long,23.465620795817784,Low projected PA/IP (injury/role concern),—,40.1
Ryan Borucki,22.302684444444445,Low projected PA/IP (injury/role concern),—,35.0
Rowdy Tellez,22.09575679524614,Low projected PA/IP (injury/role concern),—,57.4819
Angel Chivilli,21.99559325333334,Low projected PA/IP (injury/role concern),—,58.2
Chris Murphy,21.877741824000005,Low projected PA/IP (injury/role concern),—,34.2
Carson Seymour,21.771390880000002,Low projected PA/IP (injury/role concern),—,36.0
DL Hall,21.382356537333333,Low projected PA/IP (injury/role concern),—,38.2
Roki Sasaki,21.316816553333336,Low projected PA/IP (injury/role concern),—,36.1
George Soriano,21.29297498577778,Low projected PA/IP (injury/role concern),—,36.2
Yerry De Los Santos,21.152257280000004,Low projected PA/IP (injury/role concern),—,35.2
Elias Diaz,21.132524092439567,Age 35 — heightened decline risk,,35.4
Elias Diaz,21.132524092439567,Low projected PA/IP (injury/role concern),—,61.9431
Juan Morillo,20.760337288288888,Low projected PA/IP (injury/role concern),—,34.1
Nabil Crismatt,20.743155766666664,Low projected PA/IP (injury/role concern),—,34.0
Ryan Fernandez,20.09622029146667,Low projected PA/IP (injury/role concern),—,30.1
Yohan Ramirez,20.07213870506556,Low projected PA/IP (injury/role concern),—,33.1
Manuel Rodriguez,19.95871454173334,Low projected PA/IP (injury/role concern),—,30.1
Lyon Richardson,19.845206214400005,Low projected PA/IP (injury/role concern),—,37.2
Cam Booser,19.777952880000004,Low projected PA/IP (injury/role concern),—,31.0
Jose Castillo,19.367594666666665,Low projected PA/IP (injury/role concern),—,32.0
Shinnosuke Ogasawara,19.269421957511117,Low projected PA/IP (injury/role concern),—,38.2
Shawn Dubin,18.498057280000005,Low projected PA/IP (injury/role concern),—,33.2
Josh Simpson,18.37606557182222,Low projected PA/IP (injury/role concern),—,30.2
Brandon Waddell,17.95938754516667,Low projected PA/IP (injury/role concern),—,31.1
Wilmer Flores,17.829535750272605,Low projected PA/IP (injury/role concern),—,42.4336
Caden Dana,17.698059482133335,Low projected PA/IP (injury/role concern),—,32.1
Alek Jacob,17.60698594835556,Low projected PA/IP (injury/role concern),—,33.1
Matt Gage,17.580069,Low projected PA/IP (injury/role concern),—,31.0
Travis Adams,16.10829259520001,Low projected PA/IP (injury/role concern),—,33.2
Pierson Ohl,16.062210666666665,Low projected PA/IP (injury/role concern),—,30.0
Thomas Hatch,15.857080555555553,Low projected PA/IP (injury/role concern),—,34.0
Sawyer Gipson-Long,15.277995379461114,Low projected PA/IP (injury/role concern),—,31.1
Gunnar Hoglund,14.632777153333336,Low projected PA/IP (injury/role concern),—,32.1
Ryan Rolison,14.318834155888894,Low projected PA/IP (injury/role concern),—,42.1
Dylan Dodd,14.092490719999999,Low projected PA/IP (injury/role concern),—,35.0
Zach Agnos,13.277735965888892,Low projected PA/IP (injury/role concern),—,31.1
Dominic Smith,12.170435914146083,Low projected PA/IP (injury/role concern),—,1.0
Jake Woodford,10.125956778568892,Low projected PA/IP (injury/role concern),—,36.1
Anthony Molina,9.448421840000004,Low projected PA/IP (injury/role concern),—,34.2
Jose Herrera,9.294188167110786,Low projected PA/IP (injury/role concern),—,37.1502
Carson Palmquist,8.637284593666669,Low projected PA/IP (injury/role concern),—,34.1
Adam Mazur,7.854560413333333,Low projected PA/IP (injury/role concern),—,30.0
Bradley Blalock,5.782625253333338,Low projected PA/IP (injury/role concern),—,58.2
